id,first_name,last_name,email,gender,ip_address
1,Gui,Matic,gmatic0@amazon.co.jp,Female,175.154.115.236
2,Trixi,McInnerny,tmcinnerny1@economist.com,Female,80.178.160.226
3,Keene,Plose,kplose2@ca.gov,Male,97.145.117.73
4,Donovan,Riseam,driseam3@taobao.com,Male,38.197.79.235
5,Filippa,Gerrard,fgerrard4@discuz.net,Female,201.55.172.181
6,Olly,Shinefield,oshinefield5@umich.edu,Male,194.247.90.248
7,Rabbi,Garrigan,rgarrigan6@de.vu,Male,158.37.121.144
8,Julienne,Mordon,jmordon7@smh.com.au,Female,171.0.32.213
9,Tildy,Hattoe,thattoe8@youku.com,Female,73.145.130.4
10,Merrel,Melesk,mmelesk9@wix.com,Male,144.97.11.254
11,Cicily,Brearton,cbreartona@narod.ru,Female,8.128.167.38
12,Symon,Sellors,ssellorsb@pen.io,Male,77.100.57.214
13,Rona,Harmour,rharmourc@nba.com,Female,147.17.215.14
14,Tabby,Nafzger,tnafzgerd@ezinearticles.com,Female,212.187.54.242
15,Dodie,Platts,dplattse@wiley.com,Female,58.162.177.232
16,Dare,Pyburn,dpyburnf@pcworld.com,Male,218.181.52.60
17,Abba,Healeas,ahealeasg@rediff.com,Male,87.5.67.148
18,Afton,Tenby,atenbyh@google.ru,Female,102.153.179.48
19,Aleen,Szwarc,aszwarci@booking.com,Female,81.117.31.47
20,Flin,Foreman,fforemanj@canalblog.com,Male,165.125.38.120
21,Deane,Meir,dmeirk@zimbio.com,Male,87.206.164.130
22,Leese,Aulsford,laulsfordl@smh.com.au,Female,41.181.146.150
23,Sunny,Jakobsson,sjakobssonm@ted.com,Female,141.74.139.249
24,Twila,Arnfield,tarnfieldn@multiply.com,Female,130.52.156.148
25,Rosabelle,Libby,rlibbyo@constantcontact.com,Female,0.38.195.20
26,Carolee,Gorst,cgorstp@networksolutions.com,Female,126.6.12.48
27,Lyn,Mabbett,lmabbettq@mozilla.org,Male,110.141.193.83
28,Selia,Kollaschek,skollaschekr@webmd.com,Female,158.231.75.181
29,Quintin,Bellerby,qbellerbys@shareasale.com,Male,25.57.25.40
30,Flori,Sleit,fsleitt@wiley.com,Female,109.169.90.231
31,Allina,Curnok,acurnoku@macromedia.com,Female,245.217.101.92
32,Storm,O'Cannovane,socannovanev@newsvine.com,Genderqueer,218.160.196.69
33,Rogerio,Daverin,rdaverinw@mysql.com,Male,220.103.184.194
34,Terrye,Loveman,tlovemanx@uol.com.br,Female,25.79.234.221
35,Tanner,Ibeson,tibesony@adobe.com,Male,229.40.71.146
36,Anabelle,Learoyde,alearoydez@bbb.org,Female,45.192.72.223
37,Aubert,Spellacy,aspellacy10@1688.com,Male,104.43.198.150
38,Adriane,Ianilli,aianilli11@dion.ne.jp,Female,171.246.134.44
39,Hermia,Howlin,hhowlin12@infoseek.co.jp,Female,89.50.4.100
40,Kalle,Templman,ktemplman13@pagesperso-orange.fr,Male,206.255.0.162
41,Billy,MacGinley,bmacginley14@is.gd,Male,45.98.195.40
42,Stormie,Kleingrub,skleingrub15@ow.ly,Female,9.96.7.191
43,Franzen,MacCartney,fmaccartney16@eventbrite.com,Male,248.211.225.124
44,Sibley,Lippatt,slippatt17@devhub.com,Female,4.1.235.149
45,Adrian,Clancey,aclancey18@desdev.cn,Male,183.31.223.104
46,Paxton,Snartt,psnartt19@de.vu,Male,113.102.244.96
47,Myrtia,Callander,mcallander1a@dell.com,Female,96.54.214.16
48,Bryant,Blundan,bblundan1b@aol.com,Genderfluid,85.192.74.157
49,Stormi,Anslow,sanslow1c@youtu.be,Female,95.227.96.1
50,Gan,Sjostrom,gsjostrom1d@pen.io,Male,48.60.127.207
51,Nikki,Baxstair,nbaxstair1e@bravesites.com,Female,7.119.187.93
52,Laurice,Moralas,lmoralas1f@desdev.cn,Female,37.240.110.30
53,Meredeth,Camblin,mcamblin1g@hexun.com,Genderqueer,171.99.157.160
54,Petrina,Trahmel,ptrahmel1h@meetup.com,Female,116.106.39.212
55,Tally,Twinborough,ttwinborough1i@e-recht24.de,Female,214.213.84.225
56,Bondie,Kahen,bkahen1j@gov.uk,Male,91.168.198.95
57,Kacie,Shaddock,kshaddock1k@washingtonpost.com,Female,93.214.84.207
58,Dacia,Glazier,dglazier1l@bbc.co.uk,Female,50.132.212.59
59,Peadar,Coxall,pcoxall1m@walmart.com,Male,206.30.119.171
60,Sheryl,Peskett,speskett1n@simplemachines.org,Female,227.235.248.224
61,Rab,Cromwell,rcromwell1o@unblog.fr,Male,47.207.131.225
62,Gonzales,Spaight,gspaight1p@senate.gov,Agender,148.91.206.222
63,Thurstan,Shoveller,tshoveller1q@sohu.com,Male,162.155.7.75
64,Reinaldos,Evelyn,revelyn1r@hostgator.com,Male,108.3.243.216
65,Gusty,Wicken,gwicken1s@microsoft.com,Female,101.50.123.213
66,Stanislaus,Preece,spreece1t@hp.com,Male,122.47.81.67
67,Cindi,Foucar,cfoucar1u@tiny.cc,Female,133.25.71.175
68,Fiona,Gershom,fgershom1v@networkadvertising.org,Female,253.237.192.44
69,Matty,Sigward,msigward1w@woothemes.com,Female,140.158.49.209
70,Joela,Valintine,jvalintine1x@addthis.com,Female,235.17.235.11
71,Nickolaus,Curwen,ncurwen1y@flickr.com,Bigender,212.52.150.196
72,Carola,Bidewel,cbidewel1z@blogtalkradio.com,Female,179.49.203.212
73,Eugenius,Spinige,espinige20@flickr.com,Male,25.98.154.243
74,Alfred,MacSkeaghan,amacskeaghan21@ibm.com,Male,84.96.87.176
75,Virginie,Braiden,vbraiden22@symantec.com,Female,105.65.160.173
76,Alberta,Beautyman,abeautyman23@moonfruit.com,Female,88.76.2.179
77,Kelsi,De Launde,kdelaunde24@bloglines.com,Female,143.75.108.117
78,Laina,McCurlye,lmccurlye25@nifty.com,Female,25.178.12.151
79,Eward,Dowtry,edowtry26@dot.gov,Male,186.97.97.240
80,Julianne,Smidmore,jsmidmore27@google.com.au,Female,139.24.43.114
81,Malissia,Wichard,mwichard28@adobe.com,Female,184.161.142.11
82,Ashia,Bryde,abryde29@deviantart.com,Female,34.111.44.152
83,Andris,Tregiddo,atregiddo2a@bloglovin.com,Male,20.3.17.204
84,Fletch,Downse,fdownse2b@php.net,Male,13.54.234.31
85,Lazar,Spellecy,lspellecy2c@elegantthemes.com,Bigender,199.107.30.181
86,Robby,Torn,rtorn2d@facebook.com,Male,23.226.125.74
87,Esmeralda,Ballister,eballister2e@moonfruit.com,Female,79.152.128.185
88,Skelly,Breeder,sbreeder2f@nasa.gov,Male,73.86.242.3
89,Curt,Shadwick,cshadwick2g@washington.edu,Male,49.182.42.35
90,Garrik,Goroni,ggoroni2h@shop-pro.jp,Male,231.133.250.15
91,Nicola,Pyper,npyper2i@lulu.com,Female,23.146.81.24
92,Lynea,Edwin,ledwin2j@shareasale.com,Female,172.183.80.166
93,Mitchael,Shafe,mshafe2k@narod.ru,Non-binary,252.179.4.212
94,Nadiya,Garling,ngarling2l@java.com,Female,221.67.153.231
95,Sidney,Millis,smillis2m@a8.net,Male,128.68.73.161
96,Eada,Ost,eost2n@mapquest.com,Genderqueer,222.117.89.117
97,Hestia,Quipp,hquipp2o@creativecommons.org,Female,221.55.28.110
98,Vaughan,Marlor,vmarlor2p@baidu.com,Male,217.164.84.246
99,Ruprecht,Roskeilly,rroskeilly2q@dailymotion.com,Male,100.138.120.10
100,Cullin,Boule,cboule2r@biblegateway.com,Male,154.203.200.206
101,Louie,Slafford,lslafford2s@is.gd,Male,33.52.106.88
102,Donnamarie,Kinnoch,dkinnoch2t@usnews.com,Female,204.176.159.186
103,Kahaleel,Fegan,kfegan2u@freewebs.com,Male,182.7.161.13
104,Webster,Leathe,wleathe2v@people.com.cn,Male,66.88.138.58
105,Piper,Toderi,ptoderi2w@studiopress.com,Female,11.231.82.91
106,Claudelle,Piotrowski,cpiotrowski2x@google.nl,Female,32.158.149.30
107,Melli,Garlick,mgarlick2y@ox.ac.uk,Female,27.95.5.118
108,Winnah,Phittiplace,wphittiplace2z@trellian.com,Female,173.71.80.211
109,Mohammed,Bompas,mbompas30@desdev.cn,Male,132.135.159.186
110,Humphrey,Nelsey,hnelsey31@lulu.com,Male,92.60.240.127
111,Maure,Paulich,mpaulich32@hexun.com,Female,169.81.143.175
112,Drew,Ferrarini,dferrarini33@theguardian.com,Male,30.175.98.125
113,Garret,Novotne,gnovotne34@cloudflare.com,Male,149.218.14.150
114,Cordelie,Radnedge,cradnedge35@wordpress.org,Female,179.194.42.96
115,Quintana,Portingale,qportingale36@last.fm,Female,254.210.17.129
116,Clea,Maddinon,cmaddinon37@economist.com,Female,254.228.188.27
117,Verge,Dudden,vdudden38@google.com.hk,Male,249.71.2.117
118,Sybille,Callum,scallum39@ycombinator.com,Female,43.94.152.1
119,Grace,Scrange,gscrange3a@miitbeian.gov.cn,Female,95.184.185.89
120,Torrence,Posner,tposner3b@si.edu,Male,23.106.33.204
121,Timotheus,Hendrickson,thendrickson3c@people.com.cn,Male,38.115.94.205
122,Gena,Karadzas,gkaradzas3d@nasa.gov,Female,185.199.66.247
123,Franni,Simcock,fsimcock3e@example.com,Female,1.166.122.246
124,Ibbie,Havick,ihavick3f@moonfruit.com,Female,224.125.202.133
125,Akim,Arber,aarber3g@tumblr.com,Non-binary,231.171.117.148
126,Lauretta,Pawlyn,lpawlyn3h@about.me,Female,58.163.113.183
127,Silvanus,Aston,saston3i@free.fr,Male,34.50.196.214
128,Shelba,Doudny,sdoudny3j@geocities.com,Female,135.208.228.130
129,Elsworth,Nathon,enathon3k@imdb.com,Polygender,148.0.207.114
130,Dody,Fairbairn,dfairbairn3l@china.com.cn,Female,95.40.199.134
131,Roi,Sangwine,rsangwine3m@latimes.com,Male,200.63.242.1
132,Dyanne,Graysmark,dgraysmark3n@elegantthemes.com,Polygender,68.154.27.42
133,Caitrin,Antic,cantic3o@elegantthemes.com,Female,127.93.112.201
134,Galvin,Karmel,gkarmel3p@discuz.net,Male,186.205.58.4
135,Ferrell,Gontier,fgontier3q@github.com,Male,197.249.55.123
136,Ainslee,Everly,aeverly3r@theglobeandmail.com,Polygender,141.238.168.142
137,Sibylle,Nitto,snitto3s@earthlink.net,Female,49.84.176.48
138,Eward,de Nore,edenore3t@networksolutions.com,Male,210.249.63.190
139,Jeniece,Callf,jcallf3u@techcrunch.com,Female,157.10.139.123
140,Hanson,Godney,hgodney3v@about.com,Male,211.104.206.211
141,Hyacinthia,Carus,hcarus3w@kickstarter.com,Female,201.127.130.27
142,Jammie,Gittoes,jgittoes3x@tripod.com,Polygender,176.158.233.173
143,Donalt,Van Cassel,dvancassel3y@wikimedia.org,Male,121.75.203.165
144,Packston,Domico,pdomico3z@sogou.com,Male,13.114.91.97
145,Eveline,Brooking,ebrooking40@example.com,Female,55.40.203.152
146,Britte,Broster,bbroster41@cdbaby.com,Female,186.8.215.207
147,Rodney,Sydry,rsydry42@digg.com,Male,99.73.115.221
148,Maria,Petrosian,mpetrosian43@prlog.org,Female,72.102.1.129
149,Eveline,Stowers,estowers44@ocn.ne.jp,Female,217.175.186.188
150,Andres,Knightley,aknightley45@devhub.com,Male,115.198.135.166
151,Myer,Tanswill,mtanswill46@guardian.co.uk,Male,232.227.161.134
152,Ernest,Connors,econnors47@vimeo.com,Male,85.212.30.115
153,Amy,Pithcock,apithcock48@epa.gov,Female,132.147.234.164
154,Alfons,Bust,abust49@nih.gov,Male,102.210.213.176
155,Eveleen,Widmore,ewidmore4a@behance.net,Female,122.175.89.58
156,Poul,Rihanek,prihanek4b@themeforest.net,Agender,202.236.128.117
157,Gare,Moylane,gmoylane4c@livejournal.com,Genderfluid,176.63.66.38
158,Wang,Pigott,wpigott4d@google.com,Male,77.104.151.126
159,Reg,Grimmett,rgrimmett4e@moonfruit.com,Male,125.102.31.187
160,Hesther,Jansey,hjansey4f@bbc.co.uk,Female,19.206.200.31
161,Clemmie,McAviy,cmcaviy4g@epa.gov,Male,42.64.102.205
162,Aharon,Pleasance,apleasance4h@tmall.com,Non-binary,91.5.62.49
163,Arni,Salmon,asalmon4i@mediafire.com,Polygender,89.69.31.101
164,Nataline,Hannabus,nhannabus4j@cargocollective.com,Female,37.31.208.2
165,Bibbie,Smitheman,bsmitheman4k@is.gd,Female,104.150.173.133
166,Rossie,Loverock,rloverock4l@yahoo.com,Male,200.158.208.130
167,Myrle,Whyard,mwhyard4m@howstuffworks.com,Female,69.56.178.183
168,Lucita,Merryweather,lmerryweather4n@hhs.gov,Female,39.180.127.105
169,Cointon,Yirrell,cyirrell4o@cnet.com,Male,30.196.41.178
170,Guglielma,Blaydes,gblaydes4p@imageshack.us,Female,221.198.173.151
171,Simone,Scollick,sscollick4q@g.co,Female,9.160.193.185
172,Laureen,O'Hartnett,lohartnett4r@com.com,Female,223.21.50.147
173,Mora,Shellum,mshellum4s@apache.org,Non-binary,199.192.99.37
174,Loni,Maddrah,lmaddrah4t@indiegogo.com,Female,52.120.78.62
175,Delphine,Dudbridge,ddudbridge4u@yandex.ru,Female,200.167.66.177
176,Galvin,Vettore,gvettore4v@bbb.org,Male,94.76.104.254
177,Dew,Ledingham,dledingham4w@tripadvisor.com,Male,85.18.178.203
178,Quinta,Trathan,qtrathan4x@eepurl.com,Female,248.217.69.29
179,Christel,Juliano,cjuliano4y@google.com.au,Female,15.84.33.239
180,Madge,Breacher,mbreacher4z@amazon.de,Female,105.223.136.31
181,Dewey,Potter,dpotter50@sohu.com,Male,88.107.78.3
182,Syman,Gomersall,sgomersall51@cnn.com,Male,127.74.208.44
183,Boyce,Wille,bwille52@tripadvisor.com,Male,243.123.3.87
184,Lorna,Iacobucci,liacobucci53@ft.com,Female,52.163.218.114
185,Dionis,Rawlin,drawlin54@sciencedaily.com,Bigender,85.169.109.158
186,Erena,Toping,etoping55@cdc.gov,Non-binary,5.222.21.53
187,Marvin,Blancowe,mblancowe56@moonfruit.com,Male,239.237.65.227
188,Bartholemy,Christoforou,bchristoforou57@scientificamerican.com,Genderqueer,250.175.183.196
189,Kienan,Domney,kdomney58@google.es,Male,81.10.53.102
190,Ellwood,Sprosson,esprosson59@admin.ch,Male,156.112.160.67
191,Clemmy,Coxhead,ccoxhead5a@wunderground.com,Female,5.138.75.202
192,Sonny,Mulvy,smulvy5b@netlog.com,Female,127.117.180.190
193,Halie,Bools,hbools5c@ca.gov,Bigender,12.214.194.245
194,Blakeley,Manson,bmanson5d@netvibes.com,Female,99.66.145.203
195,Filbert,Dyne,fdyne5e@rediff.com,Male,95.96.139.165
196,Glenden,Clyde,gclyde5f@samsung.com,Male,57.47.46.243
197,Artur,Follan,afollan5g@webs.com,Male,178.98.114.92
198,Josh,Sutty,jsutty5h@weibo.com,Male,229.255.201.102
199,Alfy,Gogan,agogan5i@forbes.com,Male,236.162.22.34
200,Philomena,Gosnay,pgosnay5j@ovh.net,Female,45.34.52.159
201,Pate,Possell,ppossell5k@prlog.org,Male,160.62.167.178
202,Lisa,Renault,lrenault5l@wisc.edu,Female,114.19.116.178
203,Dennie,Rame,drame5m@angelfire.com,Male,37.157.169.107
204,Griffith,Marrion,gmarrion5n@prlog.org,Male,107.183.48.48
205,Minerva,Klaussen,mklaussen5o@nba.com,Female,119.113.128.10
206,Maegan,Ryland,mryland5p@vkontakte.ru,Female,150.177.91.171
207,Cassie,Andreacci,candreacci5q@angelfire.com,Female,198.48.97.6
208,Sherm,Scrimshaw,sscrimshaw5r@addtoany.com,Genderqueer,71.101.177.28
209,Victoir,MacAulay,vmacaulay5s@smugmug.com,Male,219.110.143.25
210,Rafael,Connelly,rconnelly5t@wikipedia.org,Male,143.236.210.235
211,Tremain,Youell,tyouell5u@slideshare.net,Male,185.241.212.210
212,Skipper,Banghe,sbanghe5v@mapquest.com,Male,60.136.63.81
213,Farr,Salkeld,fsalkeld5w@fastcompany.com,Genderfluid,233.185.138.185
214,Tann,Fivey,tfivey5x@mit.edu,Male,188.174.182.72
215,Cyb,O'Grada,cograda5y@linkedin.com,Female,90.122.218.195
216,Gwennie,Mordue,gmordue5z@examiner.com,Female,114.153.235.198
217,Anatole,Rosenfelt,arosenfelt60@nymag.com,Male,224.114.10.128
218,Jens,Tappor,jtappor61@google.com.hk,Genderqueer,128.222.8.94
219,Hilly,Menier,hmenier62@yahoo.com,Male,247.51.79.95
220,Carri,Heskin,cheskin63@amazon.de,Female,214.26.192.159
221,Janie,Perelli,jperelli64@merriam-webster.com,Female,135.114.171.221
222,Nichols,Bouch,nbouch65@blinklist.com,Male,162.174.71.97
223,Kizzee,Greger,kgreger66@google.ru,Female,232.21.25.36
224,Jeanine,Crandon,jcrandon67@wordpress.com,Female,207.16.176.234
225,Sharyl,Jakoubec,sjakoubec68@archive.org,Female,214.85.3.117
226,Dredi,Abramowitch,dabramowitch69@uiuc.edu,Female,131.103.127.12
227,Evered,Snodin,esnodin6a@shareasale.com,Male,80.102.92.92
228,Orlando,Kubalek,okubalek6b@dropbox.com,Male,20.81.252.72
229,El,Revitt,erevitt6c@fda.gov,Male,248.147.204.236
230,Winona,Tennick,wtennick6d@homestead.com,Polygender,234.18.175.9
231,Katherina,Hallgarth,khallgarth6e@berkeley.edu,Female,221.161.77.251
232,Sandor,Traite,straite6f@si.edu,Non-binary,115.11.92.150
233,Dela,Balston,dbalston6g@livejournal.com,Female,154.210.46.234
234,Giraud,Sandison,gsandison6h@redcross.org,Male,202.94.241.83
235,Inigo,Berthel,iberthel6i@google.cn,Male,107.161.218.48
236,Dael,Brick,dbrick6j@yellowpages.com,Male,89.74.201.104
237,Thom,Bee,tbee6k@aol.com,Male,122.146.255.192
238,Karly,Serjeantson,kserjeantson6l@is.gd,Female,224.166.29.44
239,Margarethe,Southern,msouthern6m@privacy.gov.au,Female,197.32.25.82
240,Minerva,Toffel,mtoffel6n@myspace.com,Bigender,201.187.25.103
241,Della,Meugens,dmeugens6o@nyu.edu,Female,154.29.210.109
242,Kit,Triswell,ktriswell6p@unblog.fr,Male,126.175.238.177
243,Kristopher,Godlonton,kgodlonton6q@netlog.com,Male,156.46.146.170
244,Adria,Deeny,adeeny6r@oaic.gov.au,Female,83.159.89.66
245,Henryetta,Myford,hmyford6s@wiley.com,Female,5.105.89.222
246,Hewett,Gainfort,hgainfort6t@pagesperso-orange.fr,Male,149.138.69.68
247,Land,Boldt,lboldt6u@cnn.com,Male,161.196.140.98
248,Jacinthe,Barnby,jbarnby6v@foxnews.com,Female,202.63.125.200
249,Zedekiah,Chevalier,zchevalier6w@seesaa.net,Male,6.5.196.182
250,Titus,Madden,tmadden6x@patch.com,Male,2.136.11.47
251,Allyn,Able,aable6y@spotify.com,Non-binary,50.94.97.106
252,Marlee,Jobbings,mjobbings6z@marketwatch.com,Agender,86.239.219.70
253,Bevan,Cunnow,bcunnow70@nbcnews.com,Male,165.231.27.141
254,Osmond,Gosalvez,ogosalvez71@examiner.com,Male,58.241.53.163
255,Orrin,Peatt,opeatt72@wunderground.com,Agender,48.235.61.148
256,Dorelle,Kalb,dkalb73@homestead.com,Female,206.190.79.116
257,Dieter,Rookeby,drookeby74@mysql.com,Male,239.147.21.129
258,Minnnie,Peffer,mpeffer75@fastcompany.com,Female,26.210.13.143
259,Tessa,Moncarr,tmoncarr76@hostgator.com,Female,102.127.0.204
260,Thurston,Blackmore,tblackmore77@lycos.com,Male,44.140.148.147
261,Cilka,Fossord,cfossord78@cnn.com,Female,97.163.55.109
262,Adams,Roome,aroome79@google.co.jp,Male,240.253.236.109
263,Irvin,Uccelli,iuccelli7a@bing.com,Male,77.6.159.2
264,Vivianne,Olivetti,volivetti7b@plala.or.jp,Female,110.247.206.235
265,Ford,Burtwell,fburtwell7c@webnode.com,Male,115.117.74.147
266,Anne,Eccleshare,aeccleshare7d@bandcamp.com,Female,57.110.30.31
267,Hilliard,Willimont,hwillimont7e@ycombinator.com,Male,86.13.85.214
268,Kingston,Glynne,kglynne7f@pagesperso-orange.fr,Male,205.1.99.156
269,Wilburt,Phoebe,wphoebe7g@smugmug.com,Male,201.98.4.164
270,Bria,Fowden,bfowden7h@slideshare.net,Bigender,187.27.117.192
271,Abe,Humpherson,ahumpherson7i@phpbb.com,Male,138.35.110.137
272,Briant,Merrgen,bmerrgen7j@sina.com.cn,Male,3.57.165.133
273,Elladine,Lubomirski,elubomirski7k@aboutads.info,Female,158.219.118.53
274,Ralf,Ingre,ringre7l@over-blog.com,Male,171.130.201.178
275,Yorgos,Matusovsky,ymatusovsky7m@barnesandnoble.com,Male,155.24.119.38
276,Welby,Addeycott,waddeycott7n@google.cn,Male,157.80.196.24
277,Ileane,Ealden,iealden7o@go.com,Female,18.35.157.241
278,Vernor,Hakey,vhakey7p@comsenz.com,Genderqueer,155.154.194.69
279,Palmer,Wessell,pwessell7q@imageshack.us,Male,224.239.129.254
280,Forrest,Castagneri,fcastagneri7r@reuters.com,Male,183.96.68.48
281,Harcourt,Strickett,hstrickett7s@g.co,Male,173.80.100.199
282,Ximenez,Sambeck,xsambeck7t@gnu.org,Male,169.215.90.13
283,Johnathon,Stolz,jstolz7u@goo.gl,Male,208.208.238.226
284,Reinhold,Blyth,rblyth7v@ycombinator.com,Male,104.236.89.65
285,Granville,Tear,gtear7w@cnn.com,Male,219.206.122.15
286,Efrem,Gabotti,egabotti7x@acquirethisname.com,Male,43.14.105.179
287,Michelle,Withringten,mwithringten7y@uol.com.br,Female,211.179.151.73
288,Nobe,Mozzetti,nmozzetti7z@mapquest.com,Male,238.48.147.14
289,Almeta,Trounce,atrounce80@illinois.edu,Female,85.128.29.193
290,Reinhold,Dogerty,rdogerty81@msu.edu,Male,215.205.28.172
291,Adrian,Fishpoole,afishpoole82@hugedomains.com,Female,71.145.167.132
292,Nettie,Dixsee,ndixsee83@craigslist.org,Female,20.78.52.44
293,Salem,Flips,sflips84@dagondesign.com,Male,176.181.100.31
294,Edgard,Rochell,erochell85@cpanel.net,Male,216.115.63.215
295,Mischa,Parlor,mparlor86@g.co,Male,14.44.209.32
296,Halie,Bulbrook,hbulbrook87@washingtonpost.com,Female,184.217.19.234
297,Leo,Pedreschi,lpedreschi88@yandex.ru,Male,122.252.231.148
298,Shanon,Streeten,sstreeten89@multiply.com,Female,33.250.57.145
299,Virgina,Bowra,vbowra8a@wunderground.com,Female,152.60.79.117
300,Brien,Whiles,bwhiles8b@china.com.cn,Male,198.176.101.76
301,Marcellus,Randals,mrandals8c@marketwatch.com,Male,190.80.210.5
302,Sherwin,Kemmet,skemmet8d@cam.ac.uk,Male,170.43.52.69
303,Geri,Scoggan,gscoggan8e@tumblr.com,Male,60.163.65.223
304,Nico,Irlam,nirlam8f@java.com,Male,122.202.74.253
305,Nessy,Hoofe,nhoofe8g@imdb.com,Female,31.12.81.184
306,Sherry,Casari,scasari8h@mediafire.com,Female,112.68.123.37
307,Parsifal,Wimpenny,pwimpenny8i@ebay.com,Male,253.94.173.32
308,Eudora,Colebeck,ecolebeck8j@cbc.ca,Genderfluid,128.202.87.250
309,Joan,Ephgrave,jephgrave8k@chronoengine.com,Female,74.246.178.14
310,Pip,Gorman,pgorman8l@usa.gov,Bigender,201.34.141.74
311,Kathye,Gateland,kgateland8m@netlog.com,Female,19.108.225.193
312,Emanuele,Kilmurry,ekilmurry8n@addthis.com,Non-binary,235.65.227.96
313,Ellwood,Duding,eduding8o@drupal.org,Male,73.233.164.108
314,Angy,Iacovolo,aiacovolo8p@uol.com.br,Female,171.101.189.163
315,Tiebold,Kilbane,tkilbane8q@wordpress.com,Male,168.6.108.114
316,Abramo,Geffe,ageffe8r@studiopress.com,Male,117.179.179.157
317,Milt,Rutledge,mrutledge8s@google.com.br,Male,129.222.72.99
318,Rolland,Gatheridge,rgatheridge8t@smh.com.au,Male,46.79.44.241
319,Joanne,Colpus,jcolpus8u@bloglines.com,Female,46.201.249.51
320,Chandra,Willshire,cwillshire8v@facebook.com,Female,179.39.142.69
321,Emera,Emanson,eemanson8w@telegraph.co.uk,Female,94.211.208.68
322,Marley,Feild,mfeild8x@nytimes.com,Female,94.91.150.240
323,Conny,Gellion,cgellion8y@360.cn,Male,90.92.19.118
324,Dougy,Rigden,drigden8z@tmall.com,Male,6.29.245.244
325,Nilson,Brimm,nbrimm90@hugedomains.com,Male,149.66.90.36
326,Golda,Hotson,ghotson91@cbc.ca,Female,108.29.211.63
327,Debera,Reinisch,dreinisch92@adobe.com,Female,195.195.151.236
328,Kial,Shenley,kshenley93@buzzfeed.com,Female,23.50.221.185
329,Zara,Stiell,zstiell94@qq.com,Female,224.140.32.57
330,Antoinette,Schottli,aschottli95@state.tx.us,Female,89.211.209.213
331,Guglielma,Dallewater,gdallewater96@earthlink.net,Female,46.36.122.189
332,Astra,Semken,asemken97@mit.edu,Female,53.105.170.111
333,Vivien,McLagain,vmclagain98@mtv.com,Female,228.69.129.107
334,Ricoriki,Szantho,rszantho99@nature.com,Male,247.92.174.158
335,Currie,Comelli,ccomelli9a@ycombinator.com,Male,43.239.210.187
336,Windham,Beadel,wbeadel9b@kickstarter.com,Male,9.1.178.55
337,Darrelle,Darby,ddarby9c@alibaba.com,Agender,247.216.248.130
338,Ralf,Francescoccio,rfrancescoccio9d@altervista.org,Agender,68.57.52.66
339,Otha,Funnell,ofunnell9e@spotify.com,Female,211.202.49.225
340,Thornton,Gopsell,tgopsell9f@kickstarter.com,Male,206.208.89.64
341,Krispin,Eccles,keccles9g@mit.edu,Male,139.15.0.188
342,Susan,Poizer,spoizer9h@tinyurl.com,Female,170.39.64.215
343,Nichole,La Torre,nlatorre9i@about.com,Male,44.32.62.88
344,Analise,Lavallie,alavallie9j@hp.com,Female,70.67.211.178
345,Chiarra,Poser,cposer9k@amazon.co.jp,Female,170.28.16.181
346,Lorrin,Garmston,lgarmston9l@discuz.net,Female,134.254.169.199
347,Faulkner,Lanphier,flanphier9m@w3.org,Male,245.122.121.190
348,Lyon,Demschke,ldemschke9n@tuttocitta.it,Male,66.21.27.27
349,Archy,Longhi,alonghi9o@admin.ch,Male,200.213.70.172
350,Herbert,Fourman,hfourman9p@miitbeian.gov.cn,Male,160.226.12.120
351,Fields,Waldram,fwaldram9q@dedecms.com,Male,148.200.194.180
352,Codie,Stearne,cstearne9r@nbcnews.com,Female,95.109.187.163
353,Derrek,Cogar,dcogar9s@intel.com,Male,231.134.48.219
354,Timi,Capehorn,tcapehorn9t@barnesandnoble.com,Polygender,107.47.214.173
355,Gwenore,Evanson,gevanson9u@weather.com,Female,116.220.2.53
356,Kean,Lantaph,klantaph9v@chicagotribune.com,Male,251.74.138.39
357,Crissy,Marchington,cmarchington9w@meetup.com,Female,201.104.123.198
358,Flem,Cobbled,fcobbled9x@e-recht24.de,Male,230.50.69.29
359,Claire,Avrahamian,cavrahamian9y@sbwire.com,Female,116.172.254.54
360,Jeff,MacColl,jmaccoll9z@blogtalkradio.com,Male,24.169.67.179
361,Ninon,Daveley,ndaveleya0@bravesites.com,Female,142.69.199.168
362,Cross,Tilbey,ctilbeya1@geocities.jp,Male,68.61.14.252
363,Clara,Beckwith,cbeckwitha2@smugmug.com,Polygender,87.85.92.113
364,Heinrick,Applewhaite,happlewhaitea3@fc2.com,Male,131.227.104.170
365,Gustavo,Coltman,gcoltmana4@ow.ly,Male,251.62.101.245
366,Esta,Van,evana5@ft.com,Female,3.70.69.52
367,Rozanne,Bursnall,rbursnalla6@soundcloud.com,Female,22.185.32.194
368,Horace,Prise,hprisea7@devhub.com,Male,1.127.19.159
369,Zorina,Chismon,zchismona8@youtu.be,Female,172.111.24.77
370,Kaine,Yuill,kyuilla9@naver.com,Male,223.157.154.239
371,Prisca,Joiris,pjoirisaa@miitbeian.gov.cn,Female,32.193.130.238
372,Mallorie,Jantzen,mjantzenab@redcross.org,Genderqueer,86.158.169.115
373,Bryna,Cater,bcaterac@ed.gov,Female,33.142.25.141
374,Jervis,Oakenfull,joakenfullad@miibeian.gov.cn,Male,122.112.106.49
375,Raina,O'Concannon,roconcannonae@marriott.com,Female,45.42.108.118
376,Hubie,Royston,hroystonaf@google.com.hk,Male,247.171.110.68
377,Otto,Bealing,obealingag@intel.com,Genderfluid,243.206.146.198
378,Lanie,Morena,lmorenaah@tripod.com,Male,147.30.179.91
379,Hart,Face,hfaceai@nbcnews.com,Male,32.84.91.155
380,Lenci,Chasles,lchaslesaj@bbc.co.uk,Male,145.123.121.144
381,Lisetta,Dabel,ldabelak@cpanel.net,Female,13.4.208.222
382,Baxy,Giovanizio,bgiovanizioal@alexa.com,Male,170.146.43.172
383,Ripley,Grossier,rgrossieram@phpbb.com,Male,239.105.65.226
384,Arlee,Castanaga,acastanagaan@pen.io,Female,187.74.60.170
385,Earle,Syddall,esyddallao@dell.com,Male,49.253.44.244
386,Hobie,Spohrmann,hspohrmannap@dropbox.com,Male,182.137.38.51
387,Harlan,Seear,hseearaq@merriam-webster.com,Male,241.145.207.1
388,Sharia,Forryan,sforryanar@ucoz.com,Female,42.86.112.239
389,Andrey,Fyers,afyersas@typepad.com,Male,209.169.35.76
390,Isaac,Varden,ivardenat@cam.ac.uk,Male,189.3.135.231
391,Zared,Naulls,znaullsau@ifeng.com,Male,188.134.252.91
392,Gilly,Lailey,glaileyav@sourceforge.net,Female,199.227.41.56
393,Theodora,Greenroyd,tgreenroydaw@ted.com,Female,166.45.22.24
394,Hakim,Coppin,hcoppinax@biblegateway.com,Male,192.184.249.235
395,Reidar,Land,rlanday@naver.com,Male,0.134.247.205
396,Marrissa,Novik,mnovikaz@scientificamerican.com,Female,127.40.227.242
397,Correna,Ballintime,cballintimeb0@microsoft.com,Genderfluid,98.145.126.225
398,Vincenz,Scaplehorn,vscaplehornb1@jimdo.com,Male,25.131.224.210
399,Godart,Russon,grussonb2@pagesperso-orange.fr,Male,52.112.113.125
400,Lyssa,Schulze,lschulzeb3@acquirethisname.com,Female,160.110.181.201
401,Flynn,Okey,fokeyb4@businessweek.com,Male,163.71.24.128
402,Benedicta,Wiltsher,bwiltsherb5@go.com,Female,180.252.82.20
403,Marabel,Chaney,mchaneyb6@washington.edu,Female,71.140.159.223
404,Juliane,Selby,jselbyb7@gravatar.com,Female,18.46.9.211
405,Sandor,Sandels,ssandelsb8@t.co,Male,114.70.170.151
406,Cammy,Pendergrast,cpendergrastb9@ca.gov,Male,255.128.115.148
407,Marty,Chancellor,mchancellorba@virginia.edu,Female,176.234.96.185
408,Karil,Kerwin,kkerwinbb@reference.com,Female,115.143.30.120
409,Athene,Whittleton,awhittletonbc@delicious.com,Female,199.191.140.38
410,Francesca,Moulds,fmouldsbd@epa.gov,Female,108.203.238.86
411,Ysabel,Grover,ygroverbe@stanford.edu,Female,42.68.100.5
412,Cull,O'Scanlon,coscanlonbf@time.com,Male,159.243.204.212
413,Kippy,Cruikshank,kcruikshankbg@biblegateway.com,Female,253.165.235.223
414,Noella,Killingbeck,nkillingbeckbh@tiny.cc,Female,109.140.118.237
415,Collen,Hirtzmann,chirtzmannbi@cafepress.com,Genderqueer,58.164.94.219
416,Viki,Maciejewski,vmaciejewskibj@bing.com,Bigender,96.103.215.64
417,Janifer,Reaney,jreaneybk@multiply.com,Polygender,54.221.194.11
418,Onida,Lewcock,olewcockbl@xrea.com,Female,244.58.22.95
419,Abbi,Henze,ahenzebm@unc.edu,Female,40.187.102.244
420,Derron,Witchell,dwitchellbn@youtube.com,Male,237.56.92.86
421,Merle,L'Hommeau,mlhommeaubo@example.com,Female,175.246.78.152
422,Danita,Levesque,dlevesquebp@indiatimes.com,Female,36.13.16.201
423,Shalom,Swain,sswainbq@alibaba.com,Male,238.128.91.102
424,Aliza,Gower,agowerbr@tinypic.com,Female,127.214.156.83
425,Elston,O'Connel,eoconnelbs@rambler.ru,Genderfluid,105.13.208.184
426,Tito,MacKibbon,tmackibbonbt@hud.gov,Male,155.219.172.8
427,Isabella,Amthor,iamthorbu@google.co.jp,Female,224.205.49.52
428,Hester,Brennans,hbrennansbv@seesaa.net,Female,114.18.84.141
429,Damaris,Burdoun,dburdounbw@merriam-webster.com,Female,47.56.91.62
430,Jolene,Latty,jlattybx@vk.com,Female,61.63.18.237
431,Robbie,Marnes,rmarnesby@seattletimes.com,Male,60.169.21.4
432,Alessandra,Manjot,amanjotbz@yellowbook.com,Non-binary,101.77.110.45
433,Noella,Garwood,ngarwoodc0@cdc.gov,Female,156.149.197.112
434,Bronnie,Killiam,bkilliamc1@cbslocal.com,Male,139.219.78.42
435,Niles,O'Loughnan,noloughnanc2@vk.com,Male,27.249.6.134
436,Alard,Fillgate,afillgatec3@ehow.com,Male,172.201.80.24
437,Natty,Barnwill,nbarnwillc4@cyberchimps.com,Male,160.229.158.71
438,Raffarty,Pawlicki,rpawlickic5@360.cn,Male,76.86.229.1
439,Dasya,Blacklawe,dblacklawec6@wordpress.com,Female,29.104.34.12
440,Ashia,Erley,aerleyc7@google.cn,Female,201.48.37.193
441,Lanni,Haggish,lhaggishc8@arstechnica.com,Female,108.34.48.34
442,Kitty,Kentish,kkentishc9@vistaprint.com,Female,55.18.242.50
443,Nevsa,Pengelly,npengellyca@omniture.com,Female,34.63.201.75
444,Lindon,Geffe,lgeffecb@technorati.com,Male,216.56.167.141
445,Shelba,Congram,scongramcc@blogs.com,Female,102.169.123.100
446,Kissiah,Diddams,kdiddamscd@ebay.co.uk,Female,131.173.31.45
447,Jaymee,Collymore,jcollymorece@yahoo.co.jp,Female,80.31.118.39
448,Tom,Winckle,twincklecf@dagondesign.com,Male,251.74.92.160
449,Morris,Pund,mpundcg@netvibes.com,Male,156.79.56.236
450,Issie,Tilt,itiltch@bbc.co.uk,Female,128.245.172.139
451,Lenard,Weatherup,lweatherupci@seesaa.net,Male,188.103.208.90
452,Cristie,Budik,cbudikcj@soundcloud.com,Female,88.134.247.74
453,Ulrika,Mazillius,umazilliusck@oaic.gov.au,Female,106.198.1.96
454,Alanson,Trevor,atrevorcl@sogou.com,Male,34.174.221.245
455,Ewan,Blaik,eblaikcm@cnn.com,Male,106.36.138.189
456,Neel,Limbert,nlimbertcn@bluehost.com,Male,140.249.193.122
457,Haven,Ranfield,hranfieldco@webnode.com,Male,155.41.206.201
458,Isidro,Berth,iberthcp@ihg.com,Male,123.173.233.115
459,Marrilee,Giffen,mgiffencq@huffingtonpost.com,Bigender,33.135.253.44
460,Dane,Batalini,dbatalinicr@rakuten.co.jp,Male,53.99.223.16
461,Erina,Mucklestone,emucklestonecs@smh.com.au,Female,141.252.81.133
462,Karie,FitzGibbon,kfitzgibbonct@webs.com,Female,253.178.209.110
463,Kelsi,Royste,kroystecu@theglobeandmail.com,Female,61.56.40.135
464,Yolanda,Millson,ymillsoncv@woothemes.com,Female,211.160.184.32
465,Gunther,Sweatland,gsweatlandcw@macromedia.com,Male,62.44.253.43
466,Alma,Senechell,asenechellcx@nationalgeographic.com,Female,39.34.35.197
467,Cynthy,Kunc,ckunccy@dmoz.org,Female,220.250.241.68
468,Tuckie,Burnard,tburnardcz@mozilla.com,Male,33.203.208.222
469,Butch,Crewther,bcrewtherd0@amazon.de,Male,64.237.186.112
470,Godwin,Treece,gtreeced1@360.cn,Polygender,133.63.66.207
471,Gris,Crighten,gcrightend2@independent.co.uk,Genderqueer,166.219.172.190
472,Keary,Rove,kroved3@mediafire.com,Male,220.224.236.219
473,Kip,Bourges,kbourgesd4@symantec.com,Male,178.28.90.95
474,Claudelle,Lomb,clombd5@com.com,Female,130.36.246.179
475,Curtis,McNamara,cmcnamarad6@scribd.com,Male,171.169.198.66
476,Staffard,MacAree,smacareed7@usgs.gov,Male,166.14.247.226
477,Sancho,Carwithen,scarwithend8@uol.com.br,Male,109.49.36.124
478,Celia,Conningham,cconninghamd9@yelp.com,Female,224.65.183.233
479,Lulita,Bigby,lbigbyda@bluehost.com,Female,2.110.239.196
480,Lilyan,Dinse,ldinsedb@bravesites.com,Female,188.22.34.134
481,Keri,Moxted,kmoxteddc@google.es,Female,1.129.55.191
482,Giuseppe,Adderson,gaddersondd@purevolume.com,Male,164.226.128.96
483,Janith,Merriment,jmerrimentde@cargocollective.com,Agender,227.0.188.153
484,Malina,Harlow,mharlowdf@bandcamp.com,Female,40.33.111.55
485,Rochella,Stairs,rstairsdg@dailymotion.com,Female,122.151.150.132
486,Nefen,Rodnight,nrodnightdh@reference.com,Male,164.134.147.68
487,Constantine,Joreau,cjoreaudi@w3.org,Male,187.46.35.214
488,Harold,Gathercoal,hgathercoaldj@si.edu,Male,46.69.217.137
489,Hugh,Craister,hcraisterdk@yolasite.com,Male,169.188.82.80
490,Rikki,Morfey,rmorfeydl@edublogs.org,Female,185.241.135.149
491,Amery,Raven,aravendm@sitemeter.com,Genderqueer,181.104.169.206
492,Tanny,Vedyaev,tvedyaevdn@flickr.com,Male,254.168.33.173
493,Malissa,Burchfield,mburchfielddo@about.com,Female,130.234.235.220
494,Domenico,Walsh,dwalshdp@nsw.gov.au,Male,249.115.182.236
495,Benoite,Brunon,bbrunondq@merriam-webster.com,Female,250.59.161.84
496,Hew,Terrington,hterringtondr@census.gov,Male,2.252.161.196
497,Kirstyn,Cribbin,kcribbinds@fema.gov,Female,81.85.137.104
498,Alis,Wint,awintdt@miibeian.gov.cn,Female,48.56.20.155
499,Trstram,Remirez,tremirezdu@guardian.co.uk,Male,198.123.190.39
500,Horatius,Doole,hdooledv@ed.gov,Male,182.210.110.168
501,Christyna,Shugg,cshuggdw@furl.net,Female,65.153.31.60
502,Nikki,Harfoot,nharfootdx@sciencedaily.com,Male,136.42.211.178
503,Kelley,Bissiker,kbissikerdy@phpbb.com,Male,233.114.178.121
504,Lusa,Alywin,lalywindz@mediafire.com,Female,166.245.198.140
505,Cher,Riccardini,criccardinie0@homestead.com,Female,188.218.146.6
506,Brody,Bradneck,bbradnecke1@last.fm,Male,142.134.248.109
507,Rutter,Branston,rbranstone2@flavors.me,Male,11.212.174.153
508,Lotti,Binley,lbinleye3@symantec.com,Female,250.189.80.130
509,Ringo,Conradie,rconradiee4@nifty.com,Male,22.184.101.161
510,Fanechka,McGuiney,fmcguineye5@technorati.com,Female,29.76.75.139
511,Agustin,Leport,aleporte6@vistaprint.com,Male,253.161.238.196
512,Prince,Greatham,pgreathame7@chron.com,Male,135.21.215.7
513,Lilla,de Amaya,ldeamayae8@msn.com,Female,157.95.148.130
514,Odette,Gooms,ogoomse9@hubpages.com,Female,82.212.11.118
515,Jae,Anslow,janslowea@addthis.com,Male,214.43.135.28
516,Jacobo,Peacham,jpeachameb@qq.com,Male,133.157.45.42
517,Sonnie,Vedyasov,svedyasovec@blogger.com,Female,247.26.85.80
518,Rhett,Teasey,rteaseyed@pen.io,Male,19.66.58.187
519,Alla,Rivett,arivettee@de.vu,Female,119.40.247.247
520,Hallie,Rodenburgh,hrodenburghef@springer.com,Female,60.255.157.172
521,Nevin,Zanardii,nzanardiieg@google.nl,Genderfluid,178.220.170.249
522,Carolynn,Linskill,clinskilleh@techcrunch.com,Female,95.240.242.119
523,Shandeigh,Fleg,sflegei@mediafire.com,Female,197.75.87.116
524,Martainn,Jirasek,mjirasekej@ning.com,Male,125.64.250.12
525,Brandise,Wint,bwintek@state.gov,Female,129.233.178.203
526,Bay,Twell,btwellel@slideshare.net,Male,233.60.102.23
527,Babbie,Cattell,bcattellem@tmall.com,Female,174.126.84.111
528,Dacia,Castelletto,dcastellettoen@facebook.com,Female,187.241.147.196
529,Nessi,Hellen,nhelleneo@soundcloud.com,Female,85.237.39.41
530,Ashley,De Bruijn,adebruijnep@mapy.cz,Genderfluid,58.149.32.97
531,Moe,Rhymer,mrhymereq@addthis.com,Male,97.131.40.135
532,Ruperto,Canti,rcantier@answers.com,Male,86.186.164.178
533,Si,Seilmann,sseilmannes@ameblo.jp,Male,138.219.123.158
534,Lem,Gotfrey,lgotfreyet@statcounter.com,Male,200.165.217.203
535,Rozina,Bushel,rbusheleu@ted.com,Female,140.49.49.166
536,Rodger,Skeggs,rskeggsev@cmu.edu,Agender,73.156.65.130
537,Sibylla,Coultish,scoultishew@taobao.com,Female,74.185.103.140
538,Hector,Solano,hsolanoex@w3.org,Male,209.64.177.139
539,Fernando,Dowe,fdoweey@quantcast.com,Male,18.103.216.50
540,Peg,Guinness,pguinnessez@msn.com,Non-binary,80.167.103.28
541,Nonna,McIlwain,nmcilwainf0@com.com,Female,232.89.186.217
542,Johannah,Lancley,jlancleyf1@archive.org,Female,27.87.99.18
543,Georgy,Pounder,gpounderf2@abc.net.au,Male,223.11.196.136
544,Joeann,Bellingham,jbellinghamf3@google.it,Female,1.19.126.234
545,Kennith,Kemery,kkemeryf4@barnesandnoble.com,Male,151.53.133.148
546,Clim,McKelvie,cmckelvief5@ucoz.ru,Male,220.62.123.9
547,Bram,Philippou,bphilippouf6@miitbeian.gov.cn,Male,154.105.134.48
548,Rebekkah,Wolfarth,rwolfarthf7@youtube.com,Female,67.208.251.234
549,Therese,Bembrick,tbembrickf8@rediff.com,Female,188.218.41.237
550,Sallie,Messenbird,smessenbirdf9@myspace.com,Female,214.238.107.162
551,Thadeus,Grubey,tgrubeyfa@wordpress.org,Genderqueer,12.239.209.208
552,Margarita,Gadd,mgaddfb@gov.uk,Female,226.47.163.91
553,Gary,Kinson,gkinsonfc@narod.ru,Male,45.179.243.54
554,Donni,Loweth,dlowethfd@g.co,Female,234.128.118.229
555,Josiah,Bendix,jbendixfe@bloomberg.com,Male,79.52.217.217
556,Gordon,Hutchason,ghutchasonff@sitemeter.com,Male,207.228.176.73
557,Melania,Jayme,mjaymefg@phpbb.com,Female,30.224.198.127
558,Danielle,Eskrigge,deskriggefh@noaa.gov,Female,106.209.32.174
559,Fran,McEnhill,fmcenhillfi@columbia.edu,Female,199.68.175.53
560,Loren,Kearsley,lkearsleyfj@squidoo.com,Male,123.102.96.0
561,Etan,Gard,egardfk@angelfire.com,Male,178.207.22.172
562,Cherise,Leyfield,cleyfieldfl@vimeo.com,Female,76.36.180.183
563,Jase,Gookey,jgookeyfm@about.me,Male,4.175.169.73
564,Karylin,Rocks,krocksfn@berkeley.edu,Female,121.186.237.132
565,Martino,Schuster,mschusterfo@noaa.gov,Male,149.181.137.84
566,Janos,Taks,jtaksfp@statcounter.com,Male,53.43.189.176
567,Moshe,Langeren,mlangerenfq@state.tx.us,Male,90.238.18.34
568,Karole,Skate,kskatefr@exblog.jp,Female,21.160.82.187
569,Bambi,Housley,bhousleyfs@seesaa.net,Female,240.17.167.184
570,Karmen,Lowdwell,klowdwellft@deviantart.com,Female,143.236.67.92
571,Shoshanna,Bulleyn,sbulleynfu@networksolutions.com,Female,141.154.88.20
572,Nico,Zouch,nzouchfv@posterous.com,Polygender,223.52.191.27
573,Alvera,Trundle,atrundlefw@dmoz.org,Female,86.254.43.49
574,Allyn,Simunek,asimunekfx@jugem.jp,Female,136.29.238.185
575,Erda,Gimlet,egimletfy@hhs.gov,Female,133.17.203.247
576,Chantal,Hammerton,chammertonfz@trellian.com,Female,35.5.137.178
577,Rainer,Esom,resomg0@hibu.com,Male,97.144.125.152
578,Forest,Merrisson,fmerrissong1@google.com.hk,Male,102.165.31.244
579,Violante,Maylam,vmaylamg2@macromedia.com,Female,41.67.148.29
580,Pincus,Goodfellowe,pgoodfelloweg3@ucoz.com,Male,163.108.183.208
581,Olenolin,Ishaki,oishakig4@theatlantic.com,Male,54.255.157.24
582,Rosalia,De Lisle,rdelisleg5@eepurl.com,Female,160.81.253.198
583,Meara,Hardie,mhardieg6@engadget.com,Female,106.109.54.235
584,Chere,Coldham,ccoldhamg7@woothemes.com,Bigender,39.109.46.81
585,Sal,Geldeard,sgeldeardg8@nifty.com,Female,159.80.21.14
586,Kimberli,Scard,kscardg9@gizmodo.com,Female,67.31.239.157
587,Johny,Paolicchi,jpaolicchiga@taobao.com,Male,195.64.15.239
588,Cirillo,Olivi,colivigb@seesaa.net,Male,74.176.154.227
589,Jacenta,Kovacs,jkovacsgc@geocities.jp,Female,63.72.94.12
590,Mariellen,Blagden,mblagdengd@google.ru,Female,53.108.13.178
591,Bendite,Blenkinsopp,bblenkinsoppge@ehow.com,Female,12.202.82.135
592,Noland,Winter,nwintergf@washington.edu,Male,243.240.106.84
593,Louisa,Antoniak,lantoniakgg@newyorker.com,Female,132.185.74.128
594,Yanaton,Jagiela,yjagielagh@time.com,Male,213.24.9.105
595,Sherwood,Moncreiff,smoncreiffgi@bandcamp.com,Male,205.111.62.10
596,Danell,Jeannaud,djeannaudgj@surveymonkey.com,Female,241.79.34.194
597,Modesty,Welling,mwellinggk@cnet.com,Female,74.78.44.53
598,Nancie,Liccardi,nliccardigl@home.pl,Genderqueer,251.40.240.253
599,Beryle,Redfearn,bredfearngm@scribd.com,Bigender,22.163.212.207
600,Dannie,Van de Castele,dvandecastelegn@cnet.com,Genderfluid,11.33.184.183
601,Mariska,Chatband,mchatbandgo@so-net.ne.jp,Female,8.244.211.121
602,Siusan,Beernt,sbeerntgp@phpbb.com,Female,108.103.246.248
603,Hew,Gligori,hgligorigq@ehow.com,Male,52.65.29.171
604,Ricoriki,Gino,rginogr@narod.ru,Male,115.141.246.55
605,Parnell,Crosthwaite,pcrosthwaitegs@dmoz.org,Male,239.244.220.233
606,Starlene,Brecknall,sbrecknallgt@typepad.com,Agender,245.183.216.181
607,Myriam,Janny,mjannygu@intel.com,Non-binary,213.187.12.141
608,Hermy,Winsley,hwinsleygv@drupal.org,Male,48.4.247.165
609,Gayle,Duffet,gduffetgw@flickr.com,Female,227.104.100.188
610,Giacinta,Wernham,gwernhamgx@surveymonkey.com,Female,119.4.71.224
611,Easter,Campaigne,ecampaignegy@163.com,Female,58.242.41.221
612,Byrle,Nappin,bnappingz@com.com,Male,101.203.79.218
613,Joshia,Ivanilov,jivanilovh0@sbwire.com,Male,8.114.245.129
614,Dolorita,Jancso,djancsoh1@alexa.com,Female,2.169.170.220
615,Dix,Coventry,dcoventryh2@yahoo.co.jp,Female,5.17.218.95
616,Milly,Moulding,mmouldingh3@java.com,Female,70.241.154.255
617,Peggie,Sleep,psleeph4@opensource.org,Female,131.236.42.80
618,Belinda,Stoner,bstonerh5@sciencedaily.com,Female,125.60.154.64
619,Muriel,Larrie,mlarrieh6@nbcnews.com,Female,91.193.157.244
620,Orazio,Sleightholme,osleightholmeh7@delicious.com,Male,109.10.8.99
621,Geneva,Goodanew,ggoodanewh8@nifty.com,Non-binary,39.54.103.83
622,Wyn,Myford,wmyfordh9@twitpic.com,Male,96.189.58.169
623,Hyatt,Adnet,hadnetha@seattletimes.com,Male,97.92.41.60
624,Archibald,Brechin,abrechinhb@upenn.edu,Male,197.167.106.104
625,Jesselyn,Jamison,jjamisonhc@infoseek.co.jp,Female,140.130.38.85
626,Annadiana,Kenlin,akenlinhd@xrea.com,Female,92.33.65.122
627,Debora,Hatcher,dhatcherhe@guardian.co.uk,Female,120.96.209.171
628,Charlie,Skillitt,cskillitthf@salon.com,Male,108.80.64.156
629,Rustie,Goter,rgoterhg@abc.net.au,Male,9.129.6.62
630,Herc,Klasing,hklasinghh@soundcloud.com,Male,242.232.40.172
631,Vanna,Ancketill,vancketillhi@mashable.com,Female,102.55.223.91
632,Gage,Haigh,ghaighhj@mit.edu,Male,154.2.90.64
633,Selle,Treadway,streadwayhk@msn.com,Female,170.92.63.75
634,Irma,De Mattei,idematteihl@jimdo.com,Female,40.167.100.97
635,Donovan,Piatkowski,dpiatkowskihm@webmd.com,Male,214.126.246.117
636,Janella,Hateley,jhateleyhn@uiuc.edu,Female,175.214.189.32
637,Gawen,Wallsam,gwallsamho@people.com.cn,Non-binary,126.76.215.114
638,Lianna,Gianilli,lgianillihp@typepad.com,Female,113.87.124.239
639,Tye,Cofax,tcofaxhq@wikispaces.com,Male,140.164.244.155
640,Donielle,Chance,dchancehr@jiathis.com,Agender,39.118.101.146
641,Zared,Vivash,zvivashhs@goo.ne.jp,Male,74.104.46.156
642,Vergil,Christian,vchristianht@slate.com,Male,254.59.109.186
643,Elvina,Bascomb,ebascombhu@people.com.cn,Female,123.213.113.140
644,Dorree,Johnigan,djohniganhv@dmoz.org,Female,80.228.92.13
645,Nigel,MacConnell,nmacconnellhw@prweb.com,Genderfluid,51.53.235.112
646,Constancia,Riddington,criddingtonhx@t-online.de,Female,82.92.125.212
647,Georg,Doxsey,gdoxseyhy@loc.gov,Male,145.154.55.196
648,Ranna,Wessel,rwesselhz@bandcamp.com,Genderqueer,111.110.249.255
649,Amelina,Ginman,aginmani0@noaa.gov,Female,76.249.197.188
650,Thom,Tankin,ttankini1@nytimes.com,Male,149.104.159.235
651,Dagny,Shelper,dshelperi2@reuters.com,Male,158.13.142.3
652,Wayland,Gouck,wgoucki3@ihg.com,Male,87.103.253.16
653,Niles,Diack,ndiacki4@purevolume.com,Genderqueer,90.130.18.2
654,Hardy,Ivie,hiviei5@shop-pro.jp,Male,142.110.182.92
655,Ari,Gass,agassi6@umich.edu,Male,119.113.197.199
656,Rudiger,Descroix,rdescroixi7@mysql.com,Male,162.90.216.2
657,Jammal,Loomis,jloomisi8@ustream.tv,Male,45.190.144.213
658,Roseanna,Choules,rchoulesi9@sohu.com,Female,0.12.120.220
659,Enoch,Atkinson,eatkinsonia@nyu.edu,Male,152.55.21.79
660,Therine,Danslow,tdanslowib@spotify.com,Female,168.237.35.75
661,Bernardo,Venart,bvenartic@sourceforge.net,Male,127.43.124.206
662,Carmelle,Geach,cgeachid@fastcompany.com,Female,107.43.214.80
663,Lorin,Mantrup,lmantrupie@illinois.edu,Male,200.65.154.97
664,Faustine,O'Growgane,fogrowganeif@yolasite.com,Female,50.186.0.133
665,Allistir,Mousdall,amousdallig@shop-pro.jp,Male,82.155.94.155
666,Towney,Idle,tidleih@amazon.com,Non-binary,193.90.130.55
667,Nessa,Nellies,nnelliesii@delicious.com,Female,98.169.16.152
668,Jannelle,Punter,jpunterij@e-recht24.de,Female,60.52.213.115
669,Scott,Dicken,sdickenik@msn.com,Male,14.155.247.175
670,Linet,Buckleigh,lbuckleighil@histats.com,Non-binary,206.17.237.183
671,Austin,Ramm,arammim@eepurl.com,Male,229.168.241.97
672,Gran,Borrows,gborrowsin@wired.com,Male,30.25.116.65
673,Korella,Bowring,kbowringio@wisc.edu,Female,120.245.169.225
674,Silvester,Battey,sbatteyip@zimbio.com,Male,177.111.20.189
675,Rory,Nani,rnaniiq@nasa.gov,Male,20.126.137.120
676,Antonella,Woolerton,awoolertonir@kickstarter.com,Female,194.79.91.130
677,Kennan,Truelock,ktruelockis@ucla.edu,Male,196.35.154.19
678,Judye,Christin,jchristinit@foxnews.com,Female,80.21.138.66
679,Brynna,Demeza,bdemezaiu@artisteer.com,Female,205.57.92.124
680,Jamie,McLugish,jmclugishiv@springer.com,Female,36.56.243.196
681,Jethro,Roycroft,jroycroftiw@umich.edu,Male,86.251.241.104
682,Nester,Cankett,ncankettix@zdnet.com,Male,50.73.161.88
683,Dorisa,Bettanay,dbettanayiy@newyorker.com,Female,172.172.244.197
684,Hartley,Dalliwatr,hdalliwatriz@wikispaces.com,Male,199.54.237.179
685,Cornelia,Gatrell,cgatrellj0@nifty.com,Female,66.36.0.200
686,Hodge,Kiezler,hkiezlerj1@icio.us,Male,21.169.153.107
687,Belva,Shier,bshierj2@ted.com,Female,235.3.138.124
688,Sherline,Davenell,sdavenellj3@msu.edu,Female,96.50.210.108
689,Ber,Bramer,bbramerj4@bloomberg.com,Male,38.252.233.118
690,Gian,Wastall,gwastallj5@china.com.cn,Male,112.172.158.156
691,Nobe,Juliano,njulianoj6@buzzfeed.com,Male,42.60.84.81
692,Vittoria,Thompson,vthompsonj7@jigsy.com,Female,143.42.84.28
693,Octavia,Crow,ocrowj8@elegantthemes.com,Female,143.254.239.60
694,Betta,Ducrow,bducrowj9@cnbc.com,Female,220.137.53.150
695,Harland,Staneland,hstanelandja@cnet.com,Male,161.117.162.74
696,Camella,Reuven,creuvenjb@businessweek.com,Female,201.133.197.201
697,Starr,Brunsen,sbrunsenjc@ft.com,Female,51.43.236.177
698,Tremaine,Jupe,tjupejd@weather.com,Male,53.164.188.211
699,Zarah,Creagh,zcreaghje@nymag.com,Female,73.84.74.97
700,Doti,Hakking,dhakkingjf@wufoo.com,Female,227.142.40.237
701,Conrado,Mustchin,cmustchinjg@intel.com,Male,116.198.192.154
702,Claudell,Aves,cavesjh@soup.io,Male,237.156.173.7
703,Derron,Symes,dsymesji@histats.com,Male,179.53.85.152
704,Rubia,Porter,rporterjj@woothemes.com,Female,8.248.203.33
705,Joe,Traise,jtraisejk@si.edu,Male,238.84.226.29
706,Shawn,Pavyer,spavyerjl@livejournal.com,Female,215.146.13.85
707,Benedicto,Gawthrop,bgawthropjm@state.gov,Non-binary,48.150.207.47
708,Terencio,Ody,todyjn@opera.com,Male,167.28.44.42
709,Minda,Leall,mlealljo@reuters.com,Female,219.155.89.208
710,Niall,Gland,nglandjp@time.com,Male,181.7.54.76
711,Gaile,Richfield,grichfieldjq@vinaora.com,Agender,144.238.205.94
712,Seward,Cottu,scottujr@jimdo.com,Male,114.238.31.82
713,Fawn,Wooding,fwoodingjs@mlb.com,Female,97.134.15.241
714,Ursa,Daft,udaftjt@icq.com,Female,54.205.116.201
715,Delmar,Bonhomme,dbonhommeju@alibaba.com,Male,23.174.24.90
716,Kerrin,Kirk,kkirkjv@youtube.com,Female,178.9.39.69
717,Michael,Algeo,malgeojw@hexun.com,Male,89.106.55.73
718,Stanislas,Palin,spalinjx@amazon.co.uk,Male,241.237.138.44
719,Rochester,Spawton,rspawtonjy@ebay.com,Male,6.215.234.84
720,Abner,Caswall,acaswalljz@yellowpages.com,Male,208.215.216.187
721,Jo,Cruikshanks,jcruikshanksk0@discovery.com,Female,110.238.17.174
722,Candida,Hofler,choflerk1@ning.com,Female,69.157.148.75
723,Brenn,Mohammad,bmohammadk2@spiegel.de,Female,64.61.81.119
724,Kelley,Sivyer,ksivyerk3@salon.com,Female,164.224.49.222
725,Elwin,Tampen,etampenk4@tripadvisor.com,Male,254.229.136.204
726,Jayme,Clough,jcloughk5@theguardian.com,Agender,100.238.251.144
727,Michelina,Thacker,mthackerk6@scientificamerican.com,Female,143.66.131.143
728,Bord,Stancliffe,bstancliffek7@mtv.com,Male,52.119.146.172
729,Woodman,Espinola,wespinolak8@surveymonkey.com,Male,31.26.69.10
730,Anthony,MacAlaster,amacalasterk9@histats.com,Male,200.223.41.139
731,Kory,Buncombe,kbuncombeka@webeden.co.uk,Male,181.199.179.216
732,Isac,Dear,idearkb@google.co.uk,Male,202.124.196.192
733,Marlowe,Deeley,mdeeleykc@blinklist.com,Male,98.99.25.205
734,Ursuline,Toulson,utoulsonkd@flavors.me,Genderfluid,208.46.249.111
735,Elton,Trumble,etrumbleke@mail.ru,Male,12.0.112.207
736,Zena,Sutch,zsutchkf@theguardian.com,Female,10.252.154.184
737,Clay,Kubyszek,ckubyszekkg@army.mil,Male,155.172.226.4
738,Aloin,Goare,agoarekh@bing.com,Male,231.87.97.193
739,Caty,Balkwill,cbalkwillki@godaddy.com,Female,103.139.238.235
740,Ario,Farnfield,afarnfieldkj@opensource.org,Male,177.10.12.83
741,Curtice,Canto,ccantokk@slideshare.net,Male,115.14.237.142
742,Guthrey,Kington,gkingtonkl@sakura.ne.jp,Male,141.238.246.101
743,Smitty,Landeg,slandegkm@goodreads.com,Male,185.104.85.172
744,Gordie,Gresty,ggrestykn@cloudflare.com,Male,205.169.7.143
745,Sidney,Garbutt,sgarbuttko@bigcartel.com,Male,143.10.94.148
746,Jackelyn,Gallichiccio,jgallichicciokp@usatoday.com,Female,188.179.31.29
747,Nicola,Peche,npechekq@youku.com,Female,253.175.70.151
748,Amelina,Jantot,ajantotkr@loc.gov,Female,226.60.59.50
749,Stevie,Luten,slutenks@state.tx.us,Male,236.235.132.84
750,Biddy,Withnall,bwithnallkt@technorati.com,Female,235.19.137.92
751,Reade,Southerell,rsoutherellku@rediff.com,Male,233.137.101.114
752,Nora,Beauchamp,nbeauchampkv@gizmodo.com,Female,254.149.228.39
753,Nita,McGettrick,nmcgettrickkw@java.com,Female,247.63.107.245
754,Lazaro,Eliot,leliotkx@sourceforge.net,Male,192.115.146.250
755,Leo,Rosenbloom,lrosenbloomky@disqus.com,Male,173.53.139.5
756,Eadmund,Haylett,ehaylettkz@ebay.com,Male,205.220.5.86
757,Lucas,Parrett,lparrettl0@hatena.ne.jp,Male,202.148.108.174
758,Deborah,Nussgen,dnussgenl1@e-recht24.de,Female,126.187.182.86
759,Glynnis,Giovannini,ggiovanninil2@elpais.com,Female,72.25.164.92
760,Adaline,Killock,akillockl3@cmu.edu,Female,40.152.105.90
761,Alyse,Couves,acouvesl4@webeden.co.uk,Female,109.72.82.76
762,Alfi,Yurkevich,ayurkevichl5@aol.com,Female,239.220.248.110
763,Kathleen,Udden,kuddenl6@wp.com,Female,102.241.217.72
764,Cecilius,Rilton,criltonl7@state.gov,Male,115.68.173.61
765,Kiele,Nertney,knertneyl8@va.gov,Female,229.192.134.49
766,Gothart,Gerardi,ggerardil9@hubpages.com,Male,117.67.235.20
767,Rodie,Maving,rmavingla@webnode.com,Female,232.138.114.187
768,Korie,Stonall,kstonalllb@icq.com,Female,190.218.44.243
769,Donalt,Mathiot,dmathiotlc@paypal.com,Male,73.173.84.229
770,Susy,Faloon,sfaloonld@sbwire.com,Female,44.75.158.9
771,Suki,Cruden,scrudenle@nytimes.com,Female,107.127.117.64
772,Karmen,Keat,kkeatlf@surveymonkey.com,Female,96.146.30.123
773,Ezechiel,McKeaney,emckeaneylg@npr.org,Male,196.191.229.108
774,Durward,Drinkel,ddrinkellh@macromedia.com,Male,196.233.178.102
775,Kara,Maitland,kmaitlandli@mac.com,Non-binary,111.222.81.98
776,Rancell,Launchbury,rlaunchburylj@soundcloud.com,Genderqueer,162.184.141.75
777,Vincent,Excell,vexcelllk@vistaprint.com,Male,77.246.131.3
778,Sonni,Kienlein,skienleinll@jimdo.com,Female,43.71.231.119
779,Ted,Rowbury,trowburylm@nytimes.com,Female,153.165.137.26
780,Sherrie,Mosco,smoscoln@washingtonpost.com,Polygender,95.79.155.9
781,Tally,Schimke,tschimkelo@edublogs.org,Male,221.82.167.81
782,Aliza,Mitham,amithamlp@liveinternet.ru,Female,232.31.175.145
783,Alyss,Wyldes,awyldeslq@51.la,Female,120.12.103.77
784,Benedicto,Iskow,biskowlr@un.org,Male,124.145.23.2
785,Reinaldo,Hortop,rhortopls@aboutads.info,Male,5.222.33.42
786,Gwenette,Vickress,gvickresslt@rambler.ru,Female,54.230.36.90
787,Sandra,Blackmoor,sblackmoorlu@infoseek.co.jp,Female,176.143.21.23
788,Frank,Ortega,fortegalv@uol.com.br,Female,35.209.132.139
789,Marcellina,Castellini,mcastellinilw@ovh.net,Female,167.241.60.157
790,Cob,Standfield,cstandfieldlx@shinystat.com,Male,65.93.6.224
791,Sheena,Woolpert,swoolpertly@webmd.com,Female,232.206.10.68
792,Laurens,Jakeway,ljakewaylz@imdb.com,Male,160.180.20.96
793,Essy,Surby,esurbym0@google.ru,Female,218.64.110.206
794,Meara,Rubinchik,mrubinchikm1@opensource.org,Female,231.153.83.247
795,Marchelle,Chasle,mchaslem2@narod.ru,Female,17.68.144.89
796,Nelle,Lathleiff,nlathleiffm3@time.com,Female,71.194.213.148
797,Renato,Glyde,rglydem4@deliciousdays.com,Male,99.114.10.7
798,Dulcinea,Hurl,dhurlm5@nasa.gov,Female,104.165.49.170
799,Benjie,Dovington,bdovingtonm6@rediff.com,Male,56.238.29.8
800,Phillie,Rubinov,prubinovm7@xinhuanet.com,Female,248.57.1.92
801,Ramon,Kadar,rkadarm8@seesaa.net,Male,143.117.127.240
802,Earvin,Martinello,emartinellom9@bizjournals.com,Male,21.86.77.113
803,Fawn,Willatts,fwillattsma@surveymonkey.com,Female,125.133.73.165
804,Gerrilee,Eighteen,geighteenmb@slate.com,Female,235.62.52.240
805,Alyosha,Resun,aresunmc@woothemes.com,Male,15.63.168.180
806,Sollie,Barks,sbarksmd@archive.org,Male,98.188.73.128
807,Iormina,Ragborne,iragborneme@wsj.com,Female,64.37.10.120
808,Bobbye,Ferry,bferrymf@youku.com,Female,238.89.68.47
809,Nickie,Franciotti,nfranciottimg@mashable.com,Female,190.67.28.136
810,Brander,Chattell,bchattellmh@narod.ru,Male,113.248.138.91
811,Alison,Feige,afeigemi@indiegogo.com,Female,180.48.237.109
812,Ruthe,Wallbank,rwallbankmj@paginegialle.it,Female,121.141.87.83
813,Der,Dunnan,ddunnanmk@topsy.com,Male,232.208.87.63
814,Cory,Dwelly,cdwellyml@usgs.gov,Agender,6.167.171.246
815,Althea,Oller,aollermm@sphinn.com,Female,81.76.149.165
816,Arabella,Eccleshall,aeccleshallmn@mozilla.com,Female,37.98.192.249
817,Hercules,Roderigo,hroderigomo@ft.com,Male,70.188.20.13
818,Melvyn,Zaple,mzaplemp@opensource.org,Male,22.65.121.101
819,Bruno,Harnell,bharnellmq@tinypic.com,Male,174.29.109.94
820,Garvey,Hayball,ghayballmr@amazon.co.uk,Male,195.65.58.3
821,Margette,Montes,mmontesms@rakuten.co.jp,Female,6.73.175.46
822,Stefanie,Roach,sroachmt@creativecommons.org,Female,188.223.49.7
823,Conant,Beauchop,cbeauchopmu@addtoany.com,Male,6.102.149.197
824,Zebedee,Laverock,zlaverockmv@altervista.org,Male,131.144.175.85
825,Chuck,Dawkes,cdawkesmw@businessweek.com,Male,197.188.81.244
826,Humphrey,Roff,hroffmx@oakley.com,Male,62.39.55.9
827,Arley,Capner,acapnermy@tmall.com,Male,247.18.188.26
828,Jannel,Danovich,jdanovichmz@columbia.edu,Female,144.136.67.76
829,Adina,Enser,aensern0@wordpress.com,Female,5.7.120.24
830,Cesare,Notley,cnotleyn1@tinypic.com,Male,183.227.249.59
831,Rosy,Bushnell,rbushnelln2@un.org,Female,196.109.104.179
832,Sherman,Angelini,sangelinin3@mozilla.org,Male,108.24.149.253
833,Charo,Nutman,cnutmann4@yahoo.com,Female,216.63.190.67
834,Ilsa,Gosnall,igosnalln5@nba.com,Female,57.141.211.222
835,Kirstyn,Wrettum,kwrettumn6@soup.io,Female,99.90.135.213
836,Benedict,Webland,bweblandn7@xrea.com,Male,51.118.208.72
837,Gerri,Manklow,gmanklown8@nifty.com,Male,195.121.165.169
838,Karia,Lea,klean9@ow.ly,Female,238.168.115.230
839,Mayne,Casburn,mcasburnna@blog.com,Male,168.177.23.150
840,Marti,Fortesquieu,mfortesquieunb@jimdo.com,Female,10.204.5.1
841,Kylila,Deport,kdeportnc@wp.com,Female,86.39.127.37
842,Lek,Bovingdon,lbovingdonnd@unblog.fr,Male,205.214.98.11
843,Trudy,Olivi,tolivine@360.cn,Female,76.208.63.218
844,Darryl,Snalum,dsnalumnf@desdev.cn,Male,232.106.83.37
845,Amanda,MacConnel,amacconnelng@dailymail.co.uk,Female,73.69.225.151
846,Marna,Luisetti,mluisettinh@fda.gov,Female,218.172.98.63
847,Torie,Juggings,tjuggingsni@deliciousdays.com,Female,121.241.225.119
848,Margery,Eva,mevanj@usnews.com,Female,80.206.87.173
849,Colby,Sponder,cspondernk@nba.com,Male,88.191.80.228
850,Isa,Selland,isellandnl@comcast.net,Male,248.239.169.125
851,Clyde,Ginie,cginienm@dedecms.com,Male,220.36.223.18
852,Carmelita,Catmull,ccatmullnn@goodreads.com,Bigender,21.97.230.6
853,Nerissa,Spracklin,nspracklinno@etsy.com,Female,51.20.56.161
854,Jasun,Blune,jblunenp@telegraph.co.uk,Male,155.36.225.55
855,Michaela,Haydon,mhaydonnq@elegantthemes.com,Female,27.81.243.5
856,Shepard,MacClancey,smacclanceynr@dion.ne.jp,Male,68.108.138.138
857,Gabriele,Tysack,gtysackns@mlb.com,Male,84.171.150.72
858,Ealasaid,Gilberthorpe,egilberthorpent@jugem.jp,Female,7.252.83.223
859,Amandy,Stilwell,astilwellnu@reverbnation.com,Female,101.128.159.255
860,Davie,Brevitt,dbrevittnv@chron.com,Male,183.76.27.250
861,Robinett,Maleck,rmalecknw@fema.gov,Female,225.1.58.208
862,Laure,Gulley,lgulleynx@live.com,Female,230.92.182.77
863,Petronille,Archbold,parchboldny@tripod.com,Female,41.42.115.212
864,Antonio,Sisey,asiseynz@statcounter.com,Male,80.161.23.195
865,Andi,Roches,arocheso0@delicious.com,Female,167.138.33.196
866,Shane,Nucci,snuccio1@blogspot.com,Female,112.3.203.249
867,Manolo,Yeowell,myeowello2@elegantthemes.com,Male,48.248.12.223
868,Faunie,Vlasyuk,fvlasyuko3@seesaa.net,Female,98.193.192.208
869,Holli,Christaeas,hchristaeaso4@webnode.com,Female,25.109.98.23
870,Brannon,Bradden,bbraddeno5@blogs.com,Male,174.229.0.228
871,Liz,Couser,lcousero6@1688.com,Female,25.166.191.196
872,Prince,Squeers,psqueerso7@phoca.cz,Male,231.123.243.209
873,Thorn,Attkins,tattkinso8@dyndns.org,Male,196.187.132.26
874,Sheffy,Annell,sannello9@wisc.edu,Male,221.73.215.39
875,Thain,Kingwell,tkingwelloa@soundcloud.com,Male,3.195.40.32
876,Jada,Paddon,jpaddonob@comsenz.com,Female,170.155.1.62
877,Ramsey,Lortzing,rlortzingoc@about.com,Male,140.49.246.250
878,Frazier,Ryce,fryceod@so-net.ne.jp,Male,10.219.195.9
879,Latrena,Matonin,lmatoninoe@fotki.com,Female,226.238.236.9
880,Ranna,Brum,rbrumof@aboutads.info,Female,208.189.61.153
881,Guthry,Mattin,gmattinog@clickbank.net,Male,137.77.7.200
882,Krispin,Mineghelli,kmineghellioh@delicious.com,Male,185.174.192.156
883,Maurita,Couch,mcouchoi@hc360.com,Genderfluid,229.106.28.48
884,Etienne,Glenister,eglenisteroj@artisteer.com,Male,130.115.183.5
885,Krishna,Artharg,karthargok@state.gov,Polygender,130.98.186.94
886,Camellia,Roalfe,croalfeol@blogger.com,Female,86.113.151.226
887,Ashlin,De Bruijn,adebruijnom@networkadvertising.org,Male,86.38.106.100
888,Crystie,McNevin,cmcnevinon@sogou.com,Female,87.120.114.128
889,Bary,Jahn,bjahnoo@shinystat.com,Male,101.47.163.66
890,Evyn,Cordle,ecordleop@github.io,Agender,156.66.128.196
891,Marie,Ebunoluwa,mebunoluwaoq@unblog.fr,Female,29.135.231.164
892,Sibyl,Fenlon,sfenlonor@unesco.org,Male,201.221.125.234
893,Sander,Rubinchik,srubinchikos@arizona.edu,Male,106.239.123.189
894,Rosemaria,Chellenham,rchellenhamot@accuweather.com,Female,204.156.184.42
895,Natale,Trodd,ntroddou@youku.com,Male,116.176.11.225
896,Royal,Tutill,rtutillov@digg.com,Male,234.21.160.233
897,Eduino,Lowman,elowmanow@aol.com,Male,34.112.225.140
898,Bartolemo,Swanston,bswanstonox@tuttocitta.it,Male,251.19.57.90
899,Quill,Atkirk,qatkirkoy@cbsnews.com,Male,93.191.102.90
900,Mac,Allsworth,mallsworthoz@ted.com,Male,162.103.38.177
901,Brade,Bridden,bbriddenp0@reverbnation.com,Male,200.236.101.76
902,Gayle,Mugglestone,gmugglestonep1@chron.com,Male,208.254.125.225
903,Wernher,Birkhead,wbirkheadp2@imageshack.us,Male,105.74.184.196
904,Rikki,Howorth,rhoworthp3@macromedia.com,Male,247.47.208.187
905,Aurelea,Colloff,acolloffp4@examiner.com,Female,44.128.97.30
906,Thedric,Derks,tderksp5@unicef.org,Male,107.155.135.73
907,Rochelle,Rickaert,rrickaertp6@1688.com,Female,16.133.222.93
908,Ellene,O'Lunny,eolunnyp7@ca.gov,Female,6.158.255.136
909,Janina,Gloves,jglovesp8@networksolutions.com,Female,128.100.192.56
910,Donavon,Sobtka,dsobtkap9@diigo.com,Polygender,45.47.36.168
911,Albie,Hanscombe,ahanscombepa@typepad.com,Male,4.121.13.163
912,Benita,Yakob,byakobpb@about.me,Female,101.247.247.246
913,Ralf,Portugal,rportugalpc@surveymonkey.com,Male,235.70.20.210
914,Malcolm,Tunstall,mtunstallpd@twitpic.com,Male,193.33.187.153
915,Axel,Scurrey,ascurreype@google.com.hk,Male,118.165.8.80
916,Donnie,Tackett,dtackettpf@hexun.com,Male,147.159.33.160
917,Katha,Coche,kcochepg@ed.gov,Genderfluid,154.175.37.245
918,Wenonah,Simenon,wsimenonph@arizona.edu,Female,145.143.102.45
919,Vania,Muddle,vmuddlepi@barnesandnoble.com,Non-binary,72.52.145.173
920,Nappie,Leatherland,nleatherlandpj@theglobeandmail.com,Male,91.138.210.249
921,Sammie,Fernanando,sfernanandopk@rakuten.co.jp,Male,40.48.28.105
922,Grenville,Smails,gsmailspl@nydailynews.com,Genderqueer,97.113.155.109
923,Thorsten,Cramond,tcramondpm@senate.gov,Male,103.88.172.247
924,Lilah,Fyrth,lfyrthpn@unicef.org,Female,4.214.215.91
925,Elinore,Greaves,egreavespo@gmpg.org,Female,77.43.11.32
926,Eddie,Thorndycraft,ethorndycraftpp@cbslocal.com,Genderqueer,77.21.44.183
927,Margo,Liddall,mliddallpq@vkontakte.ru,Female,249.219.249.81
928,Elia,Mealand,emealandpr@cpanel.net,Male,128.68.99.136
929,Keen,Beale,kbealeps@bandcamp.com,Male,23.254.191.96
930,Papagena,Clayworth,pclayworthpt@spiegel.de,Female,90.68.29.141
931,Rene,Palmby,rpalmbypu@plala.or.jp,Female,105.104.36.104
932,Ollie,Gourley,ogourleypv@sohu.com,Non-binary,249.237.159.242
933,Leonanie,Emmins,lemminspw@google.nl,Female,240.221.38.55
934,Dina,Andrews,dandrewspx@yellowbook.com,Female,135.183.255.120
935,Agace,Cholonin,acholoninpy@blogs.com,Female,182.34.35.162
936,Odey,Meins,omeinspz@usda.gov,Male,44.81.38.56
937,Datha,Gisby,dgisbyq0@msu.edu,Female,59.61.218.1
938,Lyman,Shanklin,lshanklinq1@jimdo.com,Male,219.134.223.56
939,Darline,Ingleby,dinglebyq2@diigo.com,Female,164.121.250.182
940,Donn,Coppins,dcoppinsq3@elegantthemes.com,Male,176.86.225.123
941,Trev,Moxon,tmoxonq4@usnews.com,Non-binary,89.207.130.63
942,Artus,Eastmond,aeastmondq5@disqus.com,Male,19.21.85.125
943,Alvina,Marmyon,amarmyonq6@slate.com,Female,65.182.181.144
944,Shay,Hudleston,shudlestonq7@ezinearticles.com,Female,97.213.112.88
945,Konstantine,Dykes,kdykesq8@apache.org,Male,210.57.152.167
946,Locke,Mabbutt,lmabbuttq9@apple.com,Male,127.166.189.59
947,Nevin,Windsor,nwindsorqa@wikipedia.org,Male,84.107.189.165
948,Raf,Kenefick,rkenefickqb@guardian.co.uk,Female,210.241.159.184
949,Leisha,Sunman,lsunmanqc@domainmarket.com,Female,107.193.1.207
950,Molly,Bellingham,mbellinghamqd@boston.com,Female,28.172.221.189
951,Noami,Snoday,nsnodayqe@nasa.gov,Female,24.54.164.104
952,Ondrea,Price,opriceqf@paginegialle.it,Female,198.126.15.101
953,Dari,Wilbore,dwilboreqg@nsw.gov.au,Female,6.78.103.204
954,Sheelagh,Giron,sgironqh@squarespace.com,Female,224.64.149.4
955,Constancy,Gatch,cgatchqi@squidoo.com,Female,97.139.244.240
956,Alasteir,Stallwood,astallwoodqj@foxnews.com,Male,15.107.122.71
957,Ezequiel,Capell,ecapellqk@cdbaby.com,Male,12.199.173.166
958,Yoko,Vasquez,yvasquezql@abc.net.au,Female,29.88.27.204
959,Xenia,Jenik,xjenikqm@wikipedia.org,Female,165.144.253.110
960,Krystle,Matthius,kmatthiusqn@free.fr,Female,157.77.246.244
961,Erroll,Carayol,ecarayolqo@arstechnica.com,Male,32.207.39.104
962,Bevvy,Adie,badieqp@cam.ac.uk,Female,23.245.167.153
963,Franz,Kermannes,fkermannesqq@tmall.com,Male,108.164.154.215
964,Filide,Luttgert,fluttgertqr@360.cn,Female,198.189.16.53
965,Debora,Blinman,dblinmanqs@google.fr,Genderfluid,147.124.228.121
966,Erek,Borborough,eborboroughqt@sitemeter.com,Male,8.236.205.92
967,Viki,Mapples,vmapplesqu@php.net,Female,83.152.205.139
968,Frazier,Permain,fpermainqv@theatlantic.com,Male,11.64.127.180
969,North,O'Donnelly,nodonnellyqw@ibm.com,Male,234.51.255.110
970,Marten,Edgars,medgarsqx@macromedia.com,Male,114.172.255.214
971,Lindy,Barneveld,lbarneveldqy@ed.gov,Male,97.61.148.243
972,Ashlin,Peerman,apeermanqz@dell.com,Male,254.132.94.126
973,Jordain,Bownass,jbownassr0@reverbnation.com,Female,160.21.124.209
974,Jamil,Hlavecek,jhlavecekr1@weather.com,Male,17.84.204.71
975,Walton,Aldwick,waldwickr2@moonfruit.com,Male,92.126.235.204
976,Nanon,Sicily,nsicilyr3@woothemes.com,Female,109.174.222.27
977,Domenico,Vere,dverer4@loc.gov,Male,166.182.78.97
978,Waylan,Corrin,wcorrinr5@zdnet.com,Male,200.24.246.30
979,Vicky,Beggi,vbeggir6@eepurl.com,Female,242.213.21.201
980,Hollis,Polson,hpolsonr7@about.me,Male,88.41.159.252
981,Nikolai,Fermin,nferminr8@example.com,Male,154.141.72.193
982,Fabe,Daville,fdaviller9@google.es,Male,17.216.83.170
983,Carole,Farnin,cfarninra@seattletimes.com,Female,218.245.9.122
984,Wenona,Giampietro,wgiampietrorb@bravesites.com,Female,184.33.207.73
985,Daron,Domenichini,ddomenichinirc@businessweek.com,Male,206.33.177.211
986,Wilbert,Crangle,wcranglerd@engadget.com,Male,36.142.151.86
987,Agretha,Pinard,apinardre@blogs.com,Female,14.40.173.140
988,Anderea,Risbie,arisbierf@soup.io,Female,200.186.161.214
989,Jaime,Ambage,jambagerg@ucla.edu,Female,76.207.124.242
990,Aubrie,Yakunkin,ayakunkinrh@behance.net,Female,46.145.172.50
991,Norman,Tarply,ntarplyri@sfgate.com,Male,15.50.195.42
992,Bobbee,Slatter,bslatterrj@cocolog-nifty.com,Female,134.246.158.4
993,Stern,Demsey,sdemseyrk@yahoo.co.jp,Male,140.8.148.115
994,Linet,Karpfen,lkarpfenrl@princeton.edu,Female,248.230.103.154
995,Jorry,Gligorijevic,jgligorijevicrm@msu.edu,Female,35.234.91.79
996,Vanni,Bridges,vbridgesrn@cbc.ca,Female,211.148.23.228
997,Benedicto,Muff,bmuffro@admin.ch,Male,8.236.210.109
998,Smitty,Rydeard,srydeardrp@samsung.com,Male,42.247.102.172
999,Coreen,Tough,ctoughrq@prlog.org,Female,107.10.2.53
1000,Webster,Eiler,weilerrr@e-recht24.de,Male,162.19.44.169
